class_name,tp,fp,fn,precision_at_0.25,recall_at_0.25
glove,111,49,22,0.69375,0.8345864661654135
helmet,101,10,10,0.9099099099099099,0.9099099099099099
pants,97,32,11,0.751937984496124,0.8981481481481481
vest,116,17,6,0.8721804511278195,0.9508196721311475
